Canned Apples  Applesauce,Frozen Apples,Juiced Apples,Frozen Blueberries,Frozen Cherries,Juiced Grapes,Canned Pears,Raspberries,Frozen Strawberries,Spinach Frozen,Broccoli,Carrot Canned,Carrot Frozen,Tomatoes Canned,Corn Sweet Canned,Corn Sweet Frozen,Green Peas Canned,Green Peas Frozen,Potatoes Canned,Potatoes Frozen,Snap Beans Canned,Snap Beans Frozen,Cabbage Canned ,Cucumber Canned
0.176056338028169,0.00704225352112676,0.49295774647887325,0.02112676056338028,0.02816901408450704,0.09154929577464788,0.07746478873239436,0.02112676056338028,0.08450704225352113,0.15,0.85,0.04000000000000001,0.06,0.9,0.1411764705882353,0.05294117647058823,0.01764705882352941,0.029411764705882353,0.0058823529411764705,0.7529411764705882,0.3611111111111111,0.3055555555555556,0.08333333333333334,0.25