protein-cropland-j,979.447632354045
protein-pasture-j,7458.52573470276
dairy-cropland-j,26.60254730497571
dairy-pasture-j,1331.3190305631363
fruit1-j,8.890261652347624
fruit2-j,17.996825324031608
veg1-j,4.299384004237725
veg2-j,10.845380844380788
grain-j,163.44675312139847
oil-j,0.7425959416685359
sugar-j,0.6775105410488229
commodity-j,119102.41832703806
